{"stats":{"minecraft:picked_up":{"minecraft:oak_log":3,"minecraft:pumpkin":2,"minecraft:acacia_log":9},"minecraft:mined":{"minecraft:grass":5,"minecraft:acacia_log":9,"minecraft:oak_log":3,"minecraft:pumpkin":2},"minecraft:crafted":{"minecraft:acacia_wood":3},"minecraft:custom":{"minecraft:jump":13,"minecraft:time_since_rest":2169,"minecraft:leave_game":1,"minecraft:sprint_one_cm":5032,"minecraft:play_time":2169,"minecraft:time_since_death":2169,"minecraft:walk_one_cm":5020,"minecraft:total_world_time":2169,"minecraft:fall_one_cm":629,"minecraft:fly_one_cm":2292}},"DataVersion":3465}